Cluster ID,RestingBP,Cholesterol,FastingBS,MaxHR,ExerciseAngina
0,-0.2012438049483621,-0.0649416375449567,-0.44865158504847164,0.38508690030000353,-0.7907416336292672
1,0.38730524843402486,0.12038819439418505,2.228901074520804,-0.2289300777386469,0.24516847918768922
2,0.13454236530900507,0.04593657568374867,-0.4486515850484711,-0.5382582986867138,1.2285763250782522
